{"initial_reset_timestamp": 0.935424627, "timestamps": [1.879527372, 2.811917424, 2.862151099, 2.865528887, 2.869296203, 2.872262661, 2.877497212, 2.879889938, 3.428934998, 3.486007351, 3.488284618, 3.492803726, 3.495208282, 3.505882032, 3.511238873, 3.517301454, 3.534449849, 3.537446176, 3.540825642, 3.542647326, 3.546809362, 3.549050566, 3.558995559, 3.562513449, 3.567666405, 3.571588393, 3.575109815, 4.178747795, 4.231547418, 4.236029537, 4.238174623, 4.241337191, 4.259389809, 4.262884823, 4.264837013, 4.272789887, 4.275344094, 4.281375722, 4.295969616, 4.298522731, 4.307102299, 4.316738059, 4.319143612, 4.322393834, 4.325827243, 4.328904113, 4.331300004, 4.336349174, 4.343674448, 4.348256763, 4.354825292, 4.360366499, 4.362587284, 4.373320847, 4.38179896, 4.386064729, 4.394244882, 4.399542468, 4.410019689, 4.415856471, 4.421118275, 4.424791949, 4.428553835, 4.432514521, 4.89693442, 4.94661636, 4.953902202, 4.957754997, 4.960315929, 4.97279286, 4.984655624, 4.994290897, 4.999633275, 5.006460201, 5.012208297, 5.014460745, 5.01812769, 5.032104774, 5.0384933, 5.054836938, 5.063703968, 5.071567621, 5.080693397, 5.084191076, 5.088158888, 5.094951522, 5.099691425, 5.108372465, 5.119141871, 5.128333146, 5.135275423, 5.138884252, 5.184667599, 5.194868868, 5.202170627, 5.210003636, 5.222166806, 5.226653907, 5.237868682, 5.242151703, 5.247114851, 5.25669073, 5.262427987, 5.266848867, 5.270310303, 5.271706731, 5.27529279, 5.280843845, 5.286220362, 5.288288014, 5.292371765, 5.296631036, 5.306144445, 5.311842431, 5.319897404, 5.325623642, 5.335256405, 5.341683591, 5.353263778, 5.361393669, 5.364424774, 5.368084364, 5.374406912, 5.3776187, 5.389550175, 6.432148816, 6.47884597, 6.484143176, 6.499222116, 6.506252264, 6.510296705, 6.516941582, 6.526444695, 6.533269229, 6.548145088, 6.55217996, 6.557044061, 6.567488517, 6.573708017, 6.583563292, 6.599545869, 6.611240974, 6.617053818, 6.621094539, 6.631971524, 6.636808418, 6.645729598, 6.651681594, 6.660192596, 6.669195631, 6.679915616, 6.686273814, 6.693981016, 6.700053862, 6.707896972, 6.714131464, 6.727343438, 6.73462882, 6.742280138, 6.748055812, 6.763849923, 6.77124485, 6.795452635, 6.804788953, 6.808254464, 6.813883497, 6.819931529, 6.827331573, 6.831705, 6.837234274, 6.841340647, 6.860840684, 6.867497537, 6.869174427, 6.878190622, 6.885348545, 6.894726328, 6.901552162, 6.909050426, 6.920240181, 6.92371755, 6.929667703, 6.935617252, 6.942366954, 6.94955761, 6.958528553, 6.965559174, 6.977024568, 6.989297617, 6.99834809, 7.006943342, 7.015018087, 7.031905823, 7.044739876, 7.054062354, 7.062646046, 7.068270396, 7.0748013, 7.086472416, 7.097052125, 7.109229062, 7.12798505, 7.135034633, 7.139525908, 7.148785688, 7.159165725, 7.165713655, 7.179399773, 7.192813502, 7.204131843, 7.217646661, 7.225747665, 7.232926054, 7.236618927, 7.246231865, 7.25222609, 8.248367402, 8.302017223, 8.311065484, 8.31734639, 8.323657092, 8.33284008, 8.336675293, 8.345881029, 8.357804062, 8.379209549, 8.392556951, 8.403440647, 8.411844845, 8.420212074, 8.425161164, 8.435206464, 8.442893205, 8.454971638, 8.465057621, 8.471675937, 8.483873892, 8.49489601, 8.502976839, 8.51514391, 8.524842431, 8.542348634, 8.556489378, 8.56510038, 8.577278672, 8.583840591, 8.59332296, 8.616708094, 8.630147396, 8.638409373, 8.64788834, 8.667962843, 8.676056747, 8.685099688, 8.700548072, 8.713585748, 8.728284052, 8.742625413, 8.754132466, 8.778696076, 8.787747292, 8.811000787, 8.818227535, 8.826913791, 8.834065441, 8.843615983, 8.850042363, 8.864427347, 8.87981875, 8.892230286, 8.897251046, 8.906971009, 8.920147878, 8.934312097, 8.944347564, 8.953976704, 8.964726062, 8.984533015, 8.99269146, 9.005137223, 9.008879378, 9.018078711, 9.035003449, 9.04750995, 9.070642913, 9.083007176, 9.099624687, 9.112202575, 9.127252964, 9.139496592, 9.151586, 9.159703213, 9.167056934, 9.184103776, 9.19337324, 9.201326771, 9.213299342, 9.220579159, 9.229627856, 9.238775904, 9.258042355, 9.272443723, 9.287213, 9.297986231, 9.312144278, 9.328339959, 9.339773218, 9.356479219, 9.373906662, 9.390836577, 9.4005538, 9.41401, 9.425287433, 9.443177968, 9.455389122, 9.46484093, 9.475929212, 9.499413512, 9.507182503, 9.520806547, 9.550289162, 9.562692241, 9.575376238, 9.584723995, 9.597963231, 9.62078217, 9.629667746, 9.653000186, 9.664171464, 9.67437355, 9.677981565, 9.693281993, 9.71150933, 9.718029348, 9.7355491, 9.756573984, 9.773868484, 9.784795059, 9.797840156, 9.817832384, 9.840746245, 9.853816358, 9.870801194, 13.265230942, 13.331402368, 13.342322476, 13.35110031, 13.367442685, 13.3858561, 13.402389397, 13.416048413, 13.430413856, 13.456752013, 13.471646857, 13.495692395, 13.506507267, 13.519282373, 13.531152628, 13.543733056, 13.563296076, 13.586273001, 13.603147472, 13.616933801, 13.640048537, 13.663144177, 13.676583279, 13.692562515, 13.7156682, 13.74186237, 13.764277118, 13.779109848, 13.802193408, 13.821759728, 13.842613071, 13.862018236, 13.878209764, 13.901139411, 13.916457589, 13.931380022, 13.947306813, 13.969678575, 13.982245099, 14.005364132, 14.028571862, 14.051548236, 14.077700909, 14.098168658, 14.121096127, 14.140839833, 14.161763753, 14.184767559, 14.20090956, 14.219941193, 14.237182608, 14.253295493, 14.265976138, 14.286467699, 14.304593602, 14.327583478, 14.346539934, 14.379153132, 14.399766897, 14.418186537, 14.442544971, 14.466569945, 14.490339443, 14.506617775, 14.524494392, 14.539981342, 14.557694643, 14.580499198, 14.599724762, 14.620374647, 14.637646632, 14.655322198, 14.67721872, 14.692898093, 14.713066918, 14.731776403, 14.754846447, 14.772754247, 14.795798073, 14.817280008, 14.83981644, 14.857756301, 14.877480569, 14.885420175, 14.903368129, 14.926264574, 14.936026827, 14.958972122, 14.981702566, 15.005536872, 15.030587854, 15.05224354, 15.067824433, 15.082024291, 15.100504441, 15.114159691, 15.120787349, 15.133062257, 15.15000215, 15.169415976, 15.184404284, 15.202883657, 15.209942904, 15.229287078, 15.250610593, 15.282744907, 15.306894608, 15.326338262, 15.349325293, 15.373995583, 15.395706303, 15.414940374, 15.437702497, 15.455872167, 15.473026427, 15.488566812, 15.50978236, 15.532124588, 15.549476883, 15.569360232, 15.591409138, 15.62197612, 15.647470603, 15.669328627, 15.688160839, 15.705323362, 15.728420544, 15.751555041, 15.775356818, 15.795922783, 15.817020521, 15.836933425, 15.861732346, 15.884840961, 15.905532309, 15.928378079, 15.951442909, 15.983514687, 16.007826908, 16.031367868, 16.054877733, 16.078255291, 16.091385619, 16.107404949, 16.130029251, 16.14644327, 16.169724954, 16.192272002, 16.215098327, 16.238091926, 16.260886875, 16.28338821, 16.307690272, 16.340303175, 16.36673325, 16.390240486, 16.41323371, 16.437287867, 16.460663258, 16.482481552, 16.500521328, 16.523463453, 16.546015039, 16.564400671, 16.588985045, 16.611879722, 16.626489382, 16.649685223, 16.672684209, 20.047004498, 20.119237983, 20.143546064, 20.167319156, 20.190778496, 20.214304399, 20.237544325, 20.260505164, 20.283394904, 20.306302966, 20.329087827, 20.352231085, 20.367777525, 20.392024892, 20.415281191, 20.438501135, 20.4643708, 20.488976033, 20.513602679, 20.530503108, 20.554174719, 20.575370406, 20.591186873, 20.614641715, 20.637514569, 20.660587306, 20.683548958, 20.706422222, 20.729475426, 20.75070831, 20.774003373, 20.79728147, 20.827008229, 20.851662512, 20.874801565, 20.898576368, 20.921432092, 20.937471857, 20.960719076, 20.978785197, 21.002338963, 21.025214675, 21.047051754, 21.070140251, 21.093826922, 21.110645544, 21.133716961, 21.156897835, 21.189525503, 21.214654367, 21.237924691, 21.260813618, 21.283690946, 21.306936618, 21.331195731, 21.350694162, 21.373848611, 21.397767871, 21.420449411, 21.435090266, 21.458647836, 21.481434708, 21.504017538, 21.526768956, 21.559717309, 21.58453055, 21.607939239, 21.631525503, 21.655552306, 21.679139989, 21.702679057, 21.725725133, 21.749648397, 21.772390618, 21.79496418, 21.818179227, 21.840680336, 21.863759267, 21.8876863, 21.910130161],