{"initial_reset_timestamp": 1643122829.350819, "timestamps": [1643122830.709006], "episode_lengths": [38], "episode_rewards": [38.0], "episode_types": ["t"]}